{
    "LockOn": {
        "angleRange_": 3.1415927410125732,
        "maxDistance_": 63.900001525878906,
        "minDistance_": 10.800000190734863
    }
}
