{
    "Player": {
        "JumpPowar": 1.100000023841858,
        "dash speed": 4.791999816894531,
        "speed": 0.4000000059604645
    }
}
