{
    "Player": {
        "dash speed": 4.791999816894531,
        "speed": 0.4000000059604645,
        "translate": [
            -2.799999952316284,
            5.599999904632568,
            0.0
        ]
    }
}
