{
    "Player": {
        "dash speed": 4.791999816894531,
        "speed": 0.4000000059604645
    }
}
